{
  "app": "com.vmos.pro",
  "code": 200,
  "duration": "306ms",
  "headers": {
    "Date": "Fri, 03 Feb 2023 16:19:46 GMT",
    "Content-Type": "application/json",
    "Transfer-Encoding": "chunked",
    "Connection": "keep-alive",
    "Vary": "Accept-Encoding",
    "Shadower-Trace-ID": "0ae20dec63dd3422eee8dc3d1347b610",
    "traceId": "00000000000000000000000000000000",
    "servertime": "1675441186069",
    "Server": "DLB",
    "dlb-request-id": "c0942f6d15d65aaec0a5bc3a6af5ade7",
    "Content-Encoding": "gzip"
  },
  "message": "OK",
  "protocol": "HTTP/1.1",
  "remoteIp": "203.107.55.204",
  "remotePort": 443,
  "sessionId": "f1994429-f5bd-462a-9153-5287b0ea21bb",
  "time": "2023-02-04 00:19:45"
}