{
  "app": "com.vmos.pro",
  "code": 200,
  "duration": "504ms",
  "headers": {
    "Date": "Fri, 03 Feb 2023 15:08:30 GMT",
    "Content-Type": "application/json",
    "Content-Length": "4174",
    "Connection": "keep-alive",
    "Content-Encoding": "gzip",
    "Shadower-Trace-ID": "0aec2b8f63dd236e5fdd0282b3defa28",
    "traceId": "00000000000000000000000000000000",
    "servertime": "1675436909712",
    "sks-length": "5455",
    "sks": "1,1,9",
    "Server": "DLB",
    "dlb-request-id": "3c17eab3d93e6440676ad509d2e76a4b"
  },
  "message": "OK",
  "protocol": "HTTP/1.1",
  "remoteIp": "203.107.55.204",
  "remotePort": 443,
  "sessionId": "06155c9e-0fff-4456-bbcd-815e88ffc545",
  "time": "2023-02-03 23:08:29"
}