{"abTest":[{"name":"Commodity_subject","value":"2"},{"name":"Commodity_chuanda","value":"1"},{"name":"476_yxtag","value":"2"},{"name":"recommend_line","value":"0"},{"name":"487_syyc","value":"0"},{"name":"480_xinpinab","value":"2"},{"name":"V4925_feeds_banner","value":"0"},{"name":"V496_jingangwei_icon","value":"0"},{"name":"categoryAB","value":"1"},{"name":"495_qtbq","value":"2"},{"name":"500_qtbq","value":"0"},{"name":"v500_shouye_pd","value":"1"},{"name":"shouye_search_opt","value":"2"},{"name":"530_dtpx","value":"2"},{"name":"495_pblcard","value":"1"},{"name":"510_hxdjsp","value":"0"},{"name":"550_dcbq","value":"1"},{"name":"560_xrzk","value":"0"},{"name":"V570_feeds_banner_shijue","value":"2"},{"name":"570_tjyhj","value":"1"},{"name":"V580_xinren_coupon","value":"1"},{"name":"580_qtbx","value":"0"},{"name":"509_ppzgab","value":"1"},{"name":"590_qwdj","value":"0"}],"extMap":{"goodAdvCount":0},"homeVersion":1,"isHideModel":false,"lastBrandingId":"44","lastId":"4","limit":20,"loginToken":"","newSign":"aac1be98eb3682f2341e20b07f9d78b0","newbieType":2,"platform":"android","refreshFlag":false,"timestamp":"1675439208455","v":"5.9.5"}