{"data":{"hotList":[{"typeId":0,"product":{"acm":"1.rcmddps.product_1159042355.0.1228179-1228180-1228181-1228182-1228183-1228184.uid_1368501014-pos_0-cspuid_1159042355-rk_-spuid_2416904-cn_MINDV3-rid_feade709e3bcbde4-dppe_8842$12031$12644$12646$12650$13097$11266$11527-ts_1675439210-op_0-rs_1-bn_小流量桶16_BE-npcs_0-act_1-btp_-pdi_-pli_","requestId":"feade709e3bcbde4","cn":"MINDV3","spuId":2416904,"logoUrl":"https://cdn.poizon.com/pro-img/origin-img/20220521/2855966d058b4993879812fee0364a2c.jpg","title":"adidas originals Zipper Jkt 纯色运动夹克拉链外套 男款 黑色 送男友","subTitle":"","price":46900,"sourceName":"index","isShowCrossTag":0,"recommendRequestId":"feade709e3bcbde4","sellDate":"2022-04-30 00:00:00.000","propertyValueId":142527261,"priceType":1,"goodsType":1,"maxSalePrice":0,"categoryId":7,"level1CategoryId":2,"level2CategoryId":3,"activityPrice":0,"authPrice":129900,"soldCountText":"1000+人付款","itemType":0,"isShowGuide":false,"cspuId":"1159042355","sceneImageUrl":"https://cdn.poizon.com/node-common/JUU4JUExJUEzJUU3JUE5JUJGMTE2NDI2NDM2MTIyOTA=.jpg","hasMultiMedia":false,"showTicket":{},"iosAllBlack":0,"tracingTagMap":"null"}},{"typeId":2,"boutique":{"acm":"1.rcmddps.activity_1180369.0.1228179-1228180-1228181-1228182-1228183-1228184.uid_1368501014-pos_1-cspuid_3252146-rk_-spuid_1084969-cn_MC2T-rid_feade709e3bcbde4-dppe_5458$13462$13465$13466$13713$13714-ts_1675439210-op_-rs_1-bn_小流量桶16_BE-npcs_-act_-btp_-pdi_-pli_","requestId":"feade709e3bcbde4","cn":"MC2T","detail":{"id":1180369,"title":"Burberry夹克精选合辑","subTitle":"立即查看","coverUrl":"","bgColor":"","detailCoverUrl":"","detailTitle":"","detailSubTitle":"","url":"https://m.dewu.com/router/product/BoutiqueRecommendDetailPage?recommendId=1180369&cspuStr=1084969_23103294&fromTabid=0&fromProd=2&fromPos=1","subType":1},"images":["https://cdn.poizon.com/pro-img/origin-img/20220520/58916312c9bc44059c1cf85c60eb575d.jpg"],"tagImage":"https://cdn.poizon.com/node-common/17b49b4549e2e26f2e073d00d95529ed.png","backgroundImage":"","autoRecommend":false}},{"typeId":0,"product":{"acm":"1.rcmddps.product_3334517.0.1228179-1228180-1228181-1228182-1228183-1228184.uid_1368501014-pos_2-cspuid_3334517-rk_-spuid_1151814-cn_DSSM|V3-rid_feade709e3bcbde4-dppe_8842$12031$12644$12646$12650$13097$11266$11527-ts_1675439210-op_89-rs_1-bn_小流量桶16_BE-npcs_0-act_1-btp_-pdi_-pli_","requestId":"feade709e3bcbde4","cn":"DSSM_V3","spuId":1151814,"logoUrl":"https://cdn.poizon.com/pro-img/origin-img/20220603/2f4053f4044743728248d5771a8a150b.jpg","title":"Nike Therma 训练运动圆领起绒套头长袖卫衣 秋季 男款 黑色","subTitle":"","price":17900,"sourceName":"index","isShowCrossTag":0,"recommendRequestId":"feade709e3bcbde4","sellDate":"2021-01-31 00:00:00.000","propertyValueId":25424317,"priceType":1,"goodsType":1,"maxSalePrice":0,"categoryId":6,"level1CategoryId":2,"level2CategoryId":3,"activityPrice":0,"authPrice":39900,"soldCountText":"4000+人付款","itemType":0,"isShowGuide":false,"cspuId":"3334517","sceneImageUrl":"https://cdn.poizon.com/pro-img/20201215/deeaf0af478247e2b2ac144543bf04c0.jpg","hasMultiMedia":false,"showTicket":{},"iosAllBlack":0,"tracingTagMap":"null"}},{"typeId":0,"product":{"acm":"1.rcmddps.product_1551316467.0.1228179-1228180-1228181-1228182-1228183-1228184.uid_1368501014-pos_3-cspuid_1551316467-rk_-spuid_3866963-cn_UCB|V3-rid_feade709e3bcbde4-dppe_8842$12031$12644$12646$12650$13097$11266$11527-ts_1675439210-op_115-rs_1-bn_小流量桶16_BE-npcs_0-act_1-btp_-pdi_-pli_","requestId":"feade709e3bcbde4","cn":"UCB_V3","spuId":3866963,"logoUrl":"https://cdn.poizon.com/pro-img/origin-img/20221224/61c64389301e45c2b300227c2a3ec862.jpg","title":"Nike Air Zoom Vomero 5 复古潮流 防滑耐磨 低帮 跑步鞋 女款 褐色","subTitle":"","price":67900,"sourceName":"index","isShowCrossTag":0,"recommendRequestId":"feade709e3bcbde4","sellDate":"2023-01-31 00:00:00.000","propertyValueId":0,"priceType":1,"goodsType":0,"maxSalePrice":0,"categoryId":33,"level1CategoryId":29,"level2CategoryId":30,"activityPrice":0,"authPrice":109900,"soldCountText":"2000+人付款","itemType":0,"isShowGuide":false,"cspuId":"1551316467","sceneImageUrl":"","hasMultiMedia":false,"showTicket":{},"iosAllBlack":0,"tracingTagMap":"null"}},{"typeId":0,"product":{"acm":"1.rcmddps.product_1549764561.0.1228179-1228180-1228181-1228182-1228183-1228184.uid_1368501014-pos_4-cspuid_1549764561-rk_-spuid_3290767-cn_UCB|V3-rid_feade709e3bcbde4-dppe_8842$12031$12644$12646$12650$13097$11266$11527-ts_1675439210-op_153-rs_1-bn_小流量桶16_BE-npcs_0-act_1-btp_-pdi_-pli_","requestId":"feade709e3bcbde4","cn":"UCB_V3","spuId":3290767,"logoUrl":"https://cdn.poizon.com/pro-img/origin-img/20220908/b7a411efefdc4e06a8eec29283de7091.jpg","title":"Apple iPhone 14 Pro Max 暗紫色 双卡双待 5G手机","subTitle":"","price":827900,"sourceName":"index","isShowCrossTag":0,"recommendRequestId":"feade709e3bcbde4","sellDate":"2022-09-16 00:00:00.000","propertyValueId":187724374,"priceType":1,"goodsType":100,"maxSalePrice":0,"categoryId":109,"level1CategoryId":107,"level2CategoryId":405,"activityPrice":0,"authPrice":899900,"soldCountText":"3000+人付款","itemType":0,"isShowGuide":false,"cspuId":"1549764561","sceneImageUrl":"","hasMultiMedia":false,"spuLabelSummaryList":[{"position":1,"labelInfo":[{"labelType":1,"labelId":9545,"labelContent":"情人节","iconUrl":"https://cdn.poizon.com/node-common/JUU1JUE0JUE3JUU3JTg5JThDJUU0JUJEJThFJUU0JUJCJUI3JTIwKDEpMTY3NTMyNTc2NjcxNw==.png?width=204&height=42","fontStyle":{"width":"204","height":"42"}}]}],"showTicket":{},"iosAllBlack":0,"tracingTagMap":"null"}},{"typeId":0,"product":{"acm":"1.rcmddps.product_1317163340.0.1228179-1228180-1228181-1228182-1228183-1228184.uid_1368501014-pos_5-cspuid_1317163340-rk_-spuid_2500266-cn_MINDV3-rid_feade709e3bcbde4-dppe_8842$12031$12644$12646$12650$13097$11266$11527-ts_1675439210-op_70-rs_1-bn_小流量桶16_BE-npcs_0-act_1-btp_-pdi_-pli_","requestId":"feade709e3bcbde4","cn":"MINDV3","spuId":2500266,"logoUrl":"https://cdn.poizon.com/pro-img/origin-img/20220524/585a08e6c75f4e1aa28d9ba02cc458aa.png","title":"adidas originals 纯色Logo翻领单排扣休闲运动夹克外套 女款 黑色  ","subTitle":"","price":48900,"sourceName":"index","isShowCrossTag":0,"recommendRequestId":"feade709e3bcbde4","sellDate":"2022-02-01 00:00:00.000","propertyValueId":146953515,"priceType":1,"goodsType":1,"maxSalePrice":0,"categoryId":1001334,"level1CategoryId":1000095,"level2CategoryId":1001326,"activityPrice":0,"authPrice":99900,"soldCountText":"178人付款","itemType":0,"isShowGuide":false,"cspuId":"1317163340","sceneImageUrl":"https://cdn.poizon.com/node-common/NDgxNjQ1MDYyNjAzNzUw.png","hasMultiMedia":false,"showTicket":{},"iosAllBlack":0,"tracingTagMap":"null"}},{"typeId":0,"product":{"acm":"1.rcmddps.product_314646002.0.1228179-1228180-1228181-1228182-1228183-1228184.uid_1368501014-pos_6-cspuid_314646002-rk_-spuid_1874493-cn_DSSM|DISCOVER-rid_feade709e3bcbde4-dppe_8842$12031$12644$12646$12650$13097$11266$11527-ts_1675439210-op_123-rs_1-bn_小流量桶16_BE-npcs_0-act_1-btp_-pdi_-pli_","requestId":"feade709e3bcbde4","cn":"DSSM_DISCOVER","spuId":1874493,"logoUrl":"https://cdn.poizon.com/pro-img/origin-img/20220531/3f86cd73ce05499881b8e2c7766a74b2.jpg","title":"Converse 字母Logo棒球夹克外套 男款 黑色 开学季","subTitle":"","price":53900,"sourceName":"index","isShowCrossTag":0,"recommendRequestId":"feade709e3bcbde4","sellDate":"2020-01-31 00:00:00.000","propertyValueId":65152161,"priceType":1,"goodsType":1,"maxSalePrice":0,"categoryId":285,"level1CategoryId":2,"level2CategoryId":3,"activityPrice":0,"authPrice":74900,"soldCountText":"862人付款","itemType":0,"isShowGuide":false,"cspuId":"314646002","sceneImageUrl":"","hasMultiMedia":false,"showTicket":{},"iosAllBlack":0,"tracingTagMap":"null"}},{"typeId":0,"product":{"acm":"1.rcmddps.product_3310923.0.1228179-1228180-1228181-1228182-1228183-1228184.uid_1368501014-pos_7-cspuid_3310923-rk_3522145-spuid_1134238-cn_COMMONI2IV2-rid_feade709e3bcbde4-dppe_8842$12031$12644$12646$12650$13097$11266$11527-ts_1675439210-op_1-rs_1-bn_小流量桶16_BE-npcs_0-act_1-btp_-pdi_-pli_","requestId":"feade709e3bcbde4","cn":"COMMONI2IV2","spuId":1134238,"logoUrl":"https://cdn.poizon.com/pro-img/origin-img/20220521/4d85c3aab8664d7497a020705b1eaa55.jpg","title":"adidas OWN THE RUN JKT 跑步运动夹克外套 秋季 男款 黑色 送男生","subTitle":"","price":21800,"sourceName":"index","isShowCrossTag":0,"recommendRequestId":"feade709e3bcbde4","sellDate":"2020-04-30 00:00:00.000","propertyValueId":24825128,"priceType":1,"goodsType":1,"maxSalePrice":0,"categoryId":7,"level1CategoryId":2,"level2CategoryId":3,"activityPrice":0,"authPrice":54900,"soldCountText":"2000+人付款","itemType":0,"isShowGuide":false,"cspuId":"3310923","sceneImageUrl":"https://cdn.poizon.com/node-common/NDE2MDAwNDcyNTQ5OTA=.jpg","hasMultiMedia":false,"showTicket":{},"iosAllBlack":0,"tracingTagMap":"null"}},{"typeId":0,"product":{"acm":"1.rcmddps.product_586116503.0.1228179-1228180-1228181-1228182-1228183-1228184.uid_1368501014-pos_8-cspuid_586116503-rk_-spuid_2093097-cn_DSSM|DISCOVER-rid_feade709e3bcbde4-dppe_8842$12031$12644$12646$12650$13097$11266$11527-ts_1675439210-op_237-rs_1-bn_小流量桶16_BE-npcs_0-act_1-btp_-pdi_-pli_","requestId":"feade709e3bcbde4","cn":"DSSM_DISCOVER","spuId":2093097,"logoUrl":"https://cdn.poizon.com/pro-img/origin-img/20220424/0cc686576b9445a2a9900b41f7d6a2ce.jpg","title":"CLOT x Air Jordan 5 Retro Low SP \"Jade\" 中国玉 轻便耐磨 低帮复古篮球鞋 男女同款 黑红","subTitle":"","price":83900,"sourceName":"index","isShowCrossTag":0,"recommendRequestId":"feade709e3bcbde4","sellDate":"2022-05-20 00:00:00.000","propertyValueId":0,"priceType":1,"goodsType":0,"maxSalePrice":0,"categoryId":1001176,"level1CategoryId":29,"level2CategoryId":35,"activityPrice":0,"authPrice":149900,"soldCountText":"3.1万+人付款","itemType":0,"isShowGuide":false,"cspuId":"586116503","sceneImageUrl":"","hasMultiMedia":false,"spuLabelSummaryList":[{"position":1,"labelInfo":[{"labelType":8,"labelId":5998,"labelContent":"情侣款"}]}],"showTicket":{},"iosAllBlack":0,"tracingTagMap":"null"}},{"typeId":2,"boutique":{"acm":"1.rcmddps.activity_1134217.0.1228179-1228180-1228181-1228182-1228183-1228184.uid_1368501014-pos_9-cspuid_881486457-rk_-spuid_2276961-cn_themeFaiss-rid_feade709e3bcbde4-dppe_5458$13462$13465$13466$13713$13714-ts_1675439210-op_-rs_1-bn_小流量桶16_BE-npcs_-act_-btp_-pdi_-pli_","requestId":"feade709e3bcbde4","cn":"themeFaiss","detail":{"id":1134217,"title":"精致豪车模型集选","subTitle":"立即查看","coverUrl":"","bgColor":"","detailCoverUrl":"","detailTitle":"","detailSubTitle":"","url":"https://m.dewu.com/router/product/BoutiqueRecommendDetailPage?recommendId=1134217&cspuStr=2276961_134636717&fromTabid=0&fromProd=2&fromPos=9","subType":1},"images":["https://cdn.poizon.com/pro-img/origin-img/20220519/d31f9b29c00147e4809833f3ebeb8978.jpg"],"tagImage":"https://cdn.poizon.com/node-common/17b49b4549e2e26f2e073d00d95529ed.png","backgroundImage":"","autoRecommend":false}},{"typeId":0,"product":{"acm":"1.rcmddps.product_166731611.0.1228179-1228180-1228181-1228182-1228183-1228184.uid_1368501014-pos_10-cspuid_166731611-rk_-spuid_1739757-cn_UCB|V3-rid_feade709e3bcbde4-dppe_8842$12031$12644$12646$12650$13097$11266$11527-ts_1675439210-op_27-rs_1-bn_小流量桶16_BE-npcs_0-act_1-btp_-pdi_-pli_","requestId":"feade709e3bcbde4","cn":"UCB_V3","spuId":1739757,"logoUrl":"https://cdn.poizon.com/pro-img/origin-img/20220521/74fa1407f80c485e8157b634982cd5e9.jpg","title":"adidas originals 撞色拉链拼接口袋印花运动立领棉服 男款 黑色","subTitle":"","price":35900,"sourceName":"index","isShowCrossTag":0,"recommendRequestId":"feade709e3bcbde4","sellDate":"2021-04-30 00:00:00.000","propertyValueId":58390395,"priceType":1,"goodsType":1,"maxSalePrice":0,"categoryId":9,"level1CategoryId":2,"level2CategoryId":3,"activityPrice":0,"authPrice":129900,"soldCountText":"423人付款","itemType":0,"isShowGuide":false,"cspuId":"166731611","sceneImageUrl":"https://cdn.poizon.com/node-common/JUU4JUExJUEzJUU3JUE5JUJGMDE2Mjc0NjU0NzU3NTg=.jpg","hasMultiMedia":false,"showTicket":{},"iosAllBlack":0,"tracingTagMap":"null"}},{"typeId":0,"product":{"acm":"1.rcmddps.product_3395691.0.1228179-1228180-1228181-1228182-1228183-1228184.uid_1368501014-pos_11-cspuid_3395691-rk_-spuid_1192770-cn_DSSM|DISCOVER-rid_feade709e3bcbde4-dppe_8842$12031$12644$12646$12650$13097$11266$11527-ts_1675439210-op_98-rs_1-bn_小流量桶16_BE-npcs_0-act_1-btp_-pdi_-pli_","requestId":"feade709e3bcbde4","cn":"DSSM_DISCOVER","spuId":1192770,"logoUrl":"https://cdn.poizon.com/pro-img/origin-img/20220603/6b6e123f08564a789e1f4d55e8fec1a5.jpg","title":"THE NORTH FACE 纯色半拉链户外立领休闲卫衣 男款 黑色 送男友","subTitle":"","price":29300,"sourceName":"index","isShowCrossTag":0,"recommendRequestId":"feade709e3bcbde4","sellDate":"2020-10-31 00:00:00.000","propertyValueId":26932386,"priceType":1,"goodsType":1,"maxSalePrice":0,"categoryId":6,"level1CategoryId":2,"level2CategoryId":3,"activityPrice":0,"authPrice":49800,"soldCountText":"5000+人付款","itemType":0,"isShowGuide":false,"cspuId":"3395691","sceneImageUrl":"https://cdn.poizon.com/pro-img/20201030/f288e6a4f6ae4abc857fed17fb42bf96.jpg","hasMultiMedia":false,"showTicket":{},"iosAllBlack":0,"tracingTagMap":"null"}},{"typeId":0,"product":{"acm":"1.rcmddps.product_1067942340.0.1228179-1228180-1228181-1228182-1228183-1228184.uid_1368501014-pos_12-cspuid_1067942340-rk_-spuid_2387687-cn_DSSM|V3-rid_feade709e3bcbde4-dppe_8842$12031$12644$12646$12650$13097$11266$11527-ts_1675439210-op_126-rs_1-bn_小流量桶16_BE-npcs_0-act_1-btp_-pdi_-pli_","requestId":"feade709e3bcbde4","cn":"DSSM_V3","spuId":2387687,"logoUrl":"https://cdn.poizon.com/pro-img/origin-img/20220524/4b3e632703fb4bedb524cbaf478b5a3b.jpg","title":"adidas CNY MID JKT 双面穿运动连帽夹克外套 女款 黑色","subTitle":"","price":43900,"sourceName":"index","isShowCrossTag":0,"recommendRequestId":"feade709e3bcbde4","sellDate":"2022-04-30 00:00:00.000","propertyValueId":140967654,"priceType":1,"goodsType":1,"maxSalePrice":0,"categoryId":1001334,"level1CategoryId":1000095,"level2CategoryId":1001326,"activityPrice":0,"authPrice":89900,"soldCountText":"276人付款","itemType":0,"isShowGuide":false,"cspuId":"1067942340","sceneImageUrl":"https://cdn.poizon.com/node-common/MTE2NDMyNjI1Njc4NDA=.jpg","hasMultiMedia":false,"showTicket":{},"iosAllBlack":0,"tracingTagMap":"null"}},{"typeId":0,"product":{"acm":"1.rcmddps.product_370998298.0.1228179-1228180-1228181-1228182-1228183-1228184.uid_1368501014-pos_13-cspuid_370998298-rk_-spuid_1923500-cn_UCB|V3-rid_feade709e3bcbde4-dppe_8842$12031$12644$12646$12650$13097$11266$11527-ts_1675439210-op_190-rs_1-bn_小流量桶16_BE-npcs_0-act_1-btp_-pdi_-pli_","requestId":"feade709e3bcbde4","cn":"UCB_V3","spuId":1923500,"logoUrl":"https://cdn.poizon.com/pro-img/origin-img/20220519/403377135d2d43bb82dd1682b836ecd4.jpg","title":"Apple iPhone 13 星光色 支持移动联通电信5G A15芯片 双卡双待手机","subTitle":"","price":465900,"sourceName":"index","isShowCrossTag":0,"recommendRequestId":"feade709e3bcbde4","sellDate":"2021-09-01 00:00:00.000","propertyValueId":67742507,"priceType":1,"goodsType":100,"maxSalePrice":0,"categoryId":109,"level1CategoryId":107,"level2CategoryId":405,"activityPrice":0,"authPrice":599900,"soldCountText":"1.8万+人付款","itemType":0,"isShowGuide":false,"cspuId":"370998298","sceneImageUrl":"","hasMultiMedia":false,"spuLabelSummaryList":[{"position":1,"labelInfo":[{"labelType":6,"labelId":5220,"labelContent":"品牌专供","iconUrl":"https://cdn.poizon.com/node-common/JUU1JTkzJTgxJUU3JTg5JThDJUU0JUI4JTkzJUU0JUJFJTlCMTY1NTgxNTcwNzUzNw==.png?width=138&height=42","fontStyle":{"width":"138","height":"42"}}]}],"showTicket":{},"iosAllBlack":0,"tracingTagMap":"null"}},{"typeId":0,"product":{"acm":"1.rcmddps.product_430375155.0.1228179-1228180-1228181-1228182-1228183-1228184.uid_1368501014-pos_14-cspuid_430375155-rk_-spuid_1974157-cn_UCB|V3-rid_feade709e3bcbde4-dppe_8842$12031$12644$12646$12650$13097$11266$11527-ts_1675439210-op_259-rs_1-bn_小流量桶16_BE-npcs_0-act_1-btp_-pdi_-pli_","requestId":"feade709e3bcbde4","cn":"UCB_V3","spuId":1974157,"logoUrl":"https://cdn.poizon.com/pro-img/origin-img/20221108/9960fd4aa0bc414d9d53e7acc78c065c.jpg","title":"Lily Wei 格利特皮革蝴蝶结细跟尖头高跟鞋 10cm 女款 银色","subTitle":"","price":46900,"sourceName":"index","isShowCrossTag":0,"recommendRequestId":"feade709e3bcbde4","sellDate":"2021-10-31 00:00:00.000","propertyValueId":0,"priceType":1,"goodsType":0,"maxSalePrice":0,"categoryId":1000269,"level1CategoryId":29,"level2CategoryId":1000266,"activityPrice":0,"authPrice":61300,"soldCountText":"2.3万+人付款","itemType":0,"isShowGuide":false,"cspuId":"430375155","sceneImageUrl":"","hasMultiMedia":true,"showTicket":{},"iosAllBlack":0,"tracingTagMap":"null"}},{"typeId":0,"product":{"acm":"1.rcmddps.product_1550962035.0.1228179-1228180-1228181-1228182-1228183-1228184.uid_1368501014-pos_15-cspuid_1550962035-rk_-spuid_3739119-cn_MINDV3-rid_feade709e3bcbde4-dppe_8842$12031$12644$12646$12650$13097$11266$11527-ts_1675439210-op_2-rs_1-bn_小流量桶16_BE-npcs_0-act_1-btp_-pdi_-pli_","requestId":"feade709e3bcbde4","cn":"MINDV3","spuId":3739119,"logoUrl":"https://cdn.poizon.com/pro-img/origin-img/20221205/75f955a12a474d3099d2fd49f934463b.jpg","title":"adidas originals Basketball: Chapter 1 Track Top Metal Grey 纯色Logo印花运动夹克外套 中国限定 男女同款 灰色","subTitle":"","price":52900,"sourceName":"index","isShowCrossTag":0,"recommendRequestId":"feade709e3bcbde4","sellDate":"2022-12-08 00:00:00.000","propertyValueId":213260126,"priceType":1,"goodsType":1,"maxSalePrice":0,"categoryId":7,"level1CategoryId":2,"level2CategoryId":3,"activityPrice":0,"authPrice":59900,"soldCountText":"1000+人付款","itemType":0,"isShowGuide":false,"cspuId":"1550962035","sceneImageUrl":"https://cdn.poizon.com/node-common/c5921c92fb1787e39fb7ddf1857d08e2.jpg","hasMultiMedia":false,"spuLabelSummaryList":[{"position":1,"labelInfo":[{"labelType":8,"labelId":8550,"labelContent":"抢先发售"}]}],"showTicket":{},"iosAllBlack":0,"tracingTagMap":"null"}},{"typeId":26,"brandPageCardModel":{"acm":"1.rcmddps.mixBrandPage_45.0.1228179-1228180-1228181-1228182-1228183-1228184.uid_1368501014-pos_16-cspuid_1330864447-rk_-spuid_2510893-cn_BP|DSSM-rid_feade709e3bcbde4-dppe_5458$13462$13465$13466$13713$13714-ts_1675439210-op_-rs_1-bn_小流量桶16_BE-npcs_-act_-btp_-pdi_-pli_","requestId":"feade709e3bcbde4","cn":"BP_DSSM","logoUrl":"https://cdn.poizon.com/pro-img/origin-img/20220521/cbf4618a522c48a0a66957aa34cbedca.jpg","title":"THE NORTH FACE Reston Jacket 拼色宽松立领运动夹克外套  男款 黑色  送男友","brandLogo":"https://cdn.poizon.com/pro-img/cut-img/20230202/406c1886199b44b888c410b8fea14221.png","brandName":"北面/THE NORTH FACE","recommendTitleStr":["上新157件","182万+人订阅"],"recommendReasonStr":"户外经典品牌","redirect":"https://m.poizon.com/router/product/BrandDetailPage?brandId=45&spuId=2510893&propertyValueId=147597789&source=1&categoryNeedTop=0&topCspuIds=1330864447","spuId":"2510893","cspuId":"1330864447","route":"3","brandId":45,"pid":"147597789"}},{"typeId":0,"product":{"acm":"1.rcmddps.product_3373563.0.1228179-1228180-1228181-1228182-1228183-1228184.uid_1368501014-pos_17-cspuid_3373563-rk_-spuid_1174895-cn_MINDV3-rid_feade709e3bcbde4-dppe_8842$12031$12644$12646$12650$13097$11266$11527-ts_1675439210-op_92-rs_1-bn_小流量桶16_BE-npcs_0-act_1-btp_-pdi_-pli_","requestId":"feade709e3bcbde4","cn":"MINDV3","spuId":1174895,"logoUrl":"https://cdn.poizon.com/pro-img/origin-img/20220521/5973c831b85b4847ad949dc69e1efd7f.jpg","title":"adidas BTS 3S HO JKT 户外运动连帽棉服 冬季 男款 深土地棕 送礼推荐 ","subTitle":"","price":21000,"sourceName":"index","isShowCrossTag":0,"recommendRequestId":"feade709e3bcbde4","sellDate":"2019-10-31 00:00:00.000","propertyValueId":26374535,"priceType":1,"goodsType":1,"maxSalePrice":0,"categoryId":9,"level1CategoryId":2,"level2CategoryId":3,"activityPrice":0,"authPrice":79900,"soldCountText":"3000+人付款","itemType":0,"isShowGuide":false,"cspuId":"3373563","sceneImageUrl":"https://cdn.poizon.com/pro-img/20201020/2db63b3da5f6404b9222b224cc46adba.jpg","hasMultiMedia":false,"showTicket":{},"iosAllBlack":0,"tracingTagMap":"null"}},{"typeId":0,"product":{"acm":"1.rcmddps.product_3858587.0.1228179-1228180-1228181-1228182-1228183-1228184.uid_1368501014-pos_18-cspuid_3858587-rk_-spuid_56355-cn_UCB|V3-rid_feade709e3bcbde4-dppe_8842$12031$12644$12646$12650$13097$11266$11527-ts_1675439210-op_271-rs_1-bn_小流量桶16_BE-npcs_0-act_1-btp_-pdi_-pli_","requestId":"feade709e3bcbde4","cn":"UCB_V3","spuId":56355,"logoUrl":"https://cdn.poizon.com/pro-img/origin-img/20220621/52d0283e661c43e8bb7d3b1fdb75f3a2.jpg","title":"Apple/苹果 AirPods Pro 配MagSafe无线充电盒 主动降噪无线蓝牙耳机","subTitle":"","price":130900,"sourceName":"index","isShowCrossTag":0,"recommendRequestId":"feade709e3bcbde4","sellDate":"2021-10-19 00:00:00.000","propertyValueId":462446,"priceType":1,"goodsType":100,"maxSalePrice":0,"categoryId":112,"level1CategoryId":107,"level2CategoryId":268,"activityPrice":0,"authPrice":199900,"soldCountText":"10万+人付款","itemType":0,"isShowGuide":false,"cspuId":"3858587","sceneImageUrl":"","hasMultiMedia":false,"spuLabelSummaryList":[{"position":1,"labelInfo":[{"labelType":6,"labelId":5220,"labelContent":"品牌专供","iconUrl":"https://cdn.poizon.com/node-common/JUU1JTkzJTgxJUU3JTg5JThDJUU0JUI4JTkzJUU0JUJFJTlCMTY1NTgxNTcwNzUzNw==.png?width=138&height=42","fontStyle":{"width":"138","height":"42"}}]}],"showTicket":{},"iosAllBlack":0,"tracingTagMap":"null"}},{"typeId":0,"product":{"acm":"1.rcmddps.product_3671099.0.1228179-1228180-1228181-1228182-1228183-1228184.uid_1368501014-pos_19-cspuid_3671099-rk_-spuid_1385781-cn_DSSM|DISCOVER-rid_feade709e3bcbde4-dppe_8842$12031$12644$12646$12650$13097$11266$11527-ts_1675439210-op_272-rs_1-bn_小流量桶16_BE-npcs_0-act_1-btp_-pdi_-pli_","requestId":"feade709e3bcbde4","cn":"DSSM_DISCOVER","spuId":1385781,"logoUrl":"https://cdn.poizon.com/pro-img/origin-img/20220522/6ee05dd0873a4d4d947aab3740113651.jpg","title":"ARMANI 阿玛尼时尚经典绿水鬼日历绿表盘钢带欧美男表手表AR11338#送男友#情人节礼物#","subTitle":"","price":133000,"sourceName":"index","isShowCrossTag":0,"recommendRequestId":"feade709e3bcbde4","sellDate":"2021-02-01 00:00:00.000","propertyValueId":34869977,"priceType":1,"goodsType":100,"maxSalePrice":0,"categoryId":505,"level1CategoryId":103,"level2CategoryId":500,"activityPrice":0,"authPrice":259000,"soldCountText":"9000+人付款","itemType":0,"isShowGuide":false,"cspuId":"3671099","sceneImageUrl":"https://cdn.poizon.com/node-common/MjZjMzA2NTkwMjVkNTc5OWMwNmMxYWI0NmU2ODkxYTUxNjQ1NTM1OTU3OTgw.jpg","hasMultiMedia":true,"spuLabelSummaryList":[{"position":1,"labelInfo":[{"labelType":6,"labelId":5220,"labelContent":"品牌专供","iconUrl":"https://cdn.poizon.com/node-common/JUU1JTkzJTgxJUU3JTg5JThDJUU0JUI4JTkzJUU0JUJFJTlCMTY1NTgxNTcwNzUzNw==.png?width=138&height=42","fontStyle":{"width":"138","height":"42"}}]}],"showTicket":{},"iosAllBlack":0,"tracingTagMap":"null"}}],"lastId":"5"},"code":200,"status":200,"msg":"ok","error":false}