{
  "app": "com.vmos.pro",
  "code": 200,
  "duration": "299ms",
  "headers": {
    "Date": "Fri, 03 Feb 2023 15:46:50 GMT",
    "Content-Type": "application/json;charset\u003dUTF-8",
    "Content-Length": "4759",
    "Connection": "keep-alive",
    "Content-Encoding": "gzip",
    "Shadower-Trace-ID": "0aec07c763dd2c6a0fbfb43bb6550b46",
    "traceId": "00000000000000000000000000000000",
    "servertime": "1675439209928",
    "Server": "DLB",
    "dlb-request-id": "9a21c5d9818bd65662f402678d6b77cd"
  },
  "message": "OK",
  "protocol": "HTTP/1.1",
  "remoteIp": "203.107.55.204",
  "remotePort": 443,
  "sessionId": "9493bb4d-8d7b-406d-b2a7-f103c8648015",
  "time": "2023-02-03 23:46:50"
}