{"abTest":[{"name":"Commodity_subject","value":"2"},{"name":"Commodity_chuanda","value":"1"},{"name":"476_yxtag","value":"2"},{"name":"equlheight_spu_strategy","value":"0"},{"name":"categorytab_474","value":"2"},{"name":"479_category_tab","value":"2"},{"name":"495_qtbq","value":"2"},{"name":"500_qtbq","value":"0"},{"name":"categoryAB","value":"1"},{"name":"495_pblcard","value":"1"},{"name":"500_jybq","value":"1"},{"name":"510_hxdjsp","value":"0"},{"name":"550_dcbq","value":"1"},{"name":"560_xrzk","value":"0"},{"name":"V570_feeds_banner_shijue","value":"2"},{"name":"570_tjyhj","value":"1"},{"name":"508_fltab_changjingtu","value":"0"},{"name":"580_qtbx","value":"0"},{"name":"509_ppzgab","value":"1"},{"name":"590_qwdj","value":"0"},{"name":"580_fltab_jiegou","value":"0"}],"categoryId":29,"isNew":"0","lastId":"4","limit":20,"loginToken":"","newSign":"461272c35ce5b59458fe42a77984ca25","platform":"android","tabId":"4","timestamp":"1675439403527","v":"5.9.5"}