{"data":{"list":[{"typeId":0,"product":{"acm":"1.rcmd.product_3928177.ec_list_tab.13593-13594-13595-14082-14083-14084.cn_DSSMEMB-rid_a695a93f0ec2aaa8-pos_1-cid_-bn_小流量桶10-ri_-spuid_","requestId":"a695a93f0ec2aaa8","cn":"DSSMEMB","spuId":1546572,"logoUrl":"https://cdn.poizon.com/pro-img/origin-img/20220212/726d2584c28c4f9eb536d969579dfd12.jpg","title":"adidas originals NMD_R1 黑红蓝","subTitle":"","price":30900,"sourceName":"indexTab","isShowCrossTag":0,"recommendRequestId":"a695a93f0ec2aaa8","sellDate":"2021-06-01 00:00:00.000","propertyValueId":0,"priceType":1,"goodsType":0,"maxSalePrice":0,"brandId":494,"categoryId":1001189,"level1CategoryId":29,"level2CategoryId":35,"activityPrice":0,"authPrice":129900,"soldCountText":"6000+人付款","itemType":0,"isShowGuide":false,"cspuId":"3928177","hasMultiMedia":true,"showTicket":{},"iosAllBlack":0,"tracingTagMap":"{\"indexTabShortTitleTag\":\"2\"}"}},{"typeId":0,"product":{"acm":"1.rcmd.product_58524.ec_list_tab.13593-13594-13595-14082-14083-14084.cn_GRAPH1HOP-rid_a695a93f0ec2aaa8-pos_2-cid_-bn_小流量桶10-ri_-spuid_","requestId":"a695a93f0ec2aaa8","cn":"GRAPH1HOP","spuId":58524,"logoUrl":"https://cdn.poizon.com/pro-img/origin-img/20220212/774dca42da8d461a9a61dc7696a2364d.jpg","title":"PEACEMINUSONE x Nike Air Force 1 PMO 反系鞋带 小雏菊 权志龙 韩国限定 低帮休闲板鞋 黑色","subTitle":"","price":1958900,"sourceName":"indexTab","isShowCrossTag":0,"recommendRequestId":"a695a93f0ec2aaa8","sellDate":"2019-11-08 00:00:00.000","propertyValueId":0,"priceType":1,"goodsType":0,"maxSalePrice":0,"brandId":144,"categoryId":38,"level1CategoryId":29,"level2CategoryId":35,"activityPrice":0,"authPrice":139900,"soldCountText":"475人付款","itemType":0,"isShowGuide":false,"cspuId":"58524","hasMultiMedia":true,"showTicket":{},"iosAllBlack":0,"tracingTagMap":"{\"indexTabShortTitleTag\":\"2\"}"}},{"typeId":0,"product":{"acm":"1.rcmd.product_3444538.ec_list_tab.13593-13594-13595-14082-14083-14084.cn_RANKI2I-rid_a695a93f0ec2aaa8-pos_3-cid_-bn_小流量桶10-ri_-spuid_","requestId":"a695a93f0ec2aaa8","cn":"RANKI2I","spuId":1228096,"logoUrl":"https://cdn.poizon.com/pro-img/origin-img/20220212/9fa08f6aea8441e7aa114b94cc596cb5.jpg","title":"MLB BigBall Chunky 复古印花老爹鞋 米黄 男女同款#送礼推荐","subTitle":"","price":45700,"sourceName":"indexTab","isShowCrossTag":0,"recommendRequestId":"a695a93f0ec2aaa8","sellDate":"2020-04-30 00:00:00.000","propertyValueId":0,"priceType":1,"goodsType":0,"maxSalePrice":0,"brandId":10347,"categoryId":36,"level1CategoryId":29,"level2CategoryId":35,"activityPrice":0,"authPrice":69900,"soldCountText":"31万+人付款","itemType":0,"isShowGuide":false,"cspuId":"3444538","hasMultiMedia":false,"spuLabelSummaryList":[{"position":1,"labelInfo":[{"labelType":1,"labelId":9546,"labelContent":"情人节","iconUrl":"https://cdn.poizon.com/node-common/JUU3JUIyJUJFJUU5JTgwJTg5JUU5JTgwJTgxJUU3JUE0JUJDMTY3NTMyNTc5OTY2Ng==.png?width=204&height=42","fontStyle":{"width":"204","height":"42"}}]}],"showTicket":{},"iosAllBlack":0,"tracingTagMap":"{\"indexTabShortTitleTag\":\"2\"}"}},{"typeId":0,"product":{"acm":"1.rcmd.product_81089.ec_list_tab.13593-13594-13595-14082-14083-14084.cn_GRAPH1HOP-rid_a695a93f0ec2aaa8-pos_4-cid_-bn_小流量桶10-ri_-spuid_","requestId":"a695a93f0ec2aaa8","cn":"GRAPH1HOP","spuId":81089,"logoUrl":"https://cdn.poizon.com/pro-img/origin-img/20220212/b42d74272e2c488f8a90f7b8a20293da.jpg","title":"Onitsuka Tiger Mexico 66 Slip-on 懒人鞋一脚蹬休闲鞋 男女同款 米色#送礼推荐","subTitle":"","price":36900,"sourceName":"indexTab","isShowCrossTag":0,"recommendRequestId":"a695a93f0ec2aaa8","sellDate":"2020-04-30 00:00:00.000","propertyValueId":0,"priceType":1,"goodsType":0,"maxSalePrice":0,"brandId":10098,"categoryId":1001189,"level1CategoryId":29,"level2CategoryId":35,"activityPrice":0,"authPrice":59000,"soldCountText":"11万+人付款","itemType":0,"isShowGuide":false,"cspuId":"81089","hasMultiMedia":true,"showTicket":{},"iosAllBlack":0,"tracingTagMap":"{\"indexTabShortTitleTag\":\"2\"}"}},{"typeId":0,"product":{"acm":"1.rcmd.product_1093655254.ec_list_tab.13593-13594-13595-14082-14083-14084.cn_DSSMEMB-rid_a695a93f0ec2aaa8-pos_5-cid_-bn_小流量桶10-ri_-spuid_","requestId":"a695a93f0ec2aaa8","cn":"DSSMEMB","spuId":2404113,"logoUrl":"https://cdn.poizon.com/pro-img/origin-img/20220213/4054c2a371394f0090d616fa4bc6412e.jpg","title":"adidas originals Drop Step Xl 舒适耐磨板鞋 黑绿 男女同款#送礼推荐","subTitle":"","price":30900,"sourceName":"indexTab","isShowCrossTag":0,"recommendRequestId":"a695a93f0ec2aaa8","sellDate":"2022-04-30 00:00:00.000","propertyValueId":0,"priceType":1,"goodsType":0,"maxSalePrice":0,"brandId":494,"categoryId":38,"level1CategoryId":29,"level2CategoryId":35,"activityPrice":0,"authPrice":89900,"soldCountText":"1.8万+人付款","itemType":0,"isShowGuide":false,"cspuId":"1093655254","hasMultiMedia":false,"showTicket":{},"iosAllBlack":0,"tracingTagMap":"{\"indexTabShortTitleTag\":\"2\"}"}},{"typeId":0,"product":{"acm":"1.rcmd.product_258346035.ec_list_tab.13593-13594-13595-14082-14083-14084.cn_RANKI2I-rid_a695a93f0ec2aaa8-pos_6-cid_-bn_小流量桶10-ri_-spuid_","requestId":"a695a93f0ec2aaa8","cn":"RANKI2I","spuId":1813787,"logoUrl":"https://cdn.poizon.com/pro-img/origin-img/20220212/2dfe932037df4567a62fc617f587025f.jpg","title":"Asics GT-2000 10 缓震透气 低帮休闲跑步鞋 碳黑","subTitle":"","price":51900,"sourceName":"indexTab","isShowCrossTag":0,"recommendRequestId":"a695a93f0ec2aaa8","sellDate":"2021-10-31 00:00:00.000","propertyValueId":0,"priceType":1,"goodsType":0,"maxSalePrice":0,"brandId":8,"categoryId":33,"level1CategoryId":29,"level2CategoryId":30,"activityPrice":0,"authPrice":89000,"soldCountText":"5000+人付款","itemType":0,"isShowGuide":false,"cspuId":"258346035","hasMultiMedia":false,"spuLabelSummaryList":[{"position":1,"labelInfo":[{"labelType":6,"labelId":5220,"labelContent":"品牌专供","iconUrl":"https://cdn.poizon.com/node-common/JUU1JTkzJTgxJUU3JTg5JThDJUU0JUI4JTkzJUU0JUJFJTlCMTY1NTgxNTcwNzUzNw==.png?width=138&height=42","fontStyle":{"width":"138","height":"42"}}]}],"showTicket":{},"iosAllBlack":0,"tracingTagMap":"{\"indexTabShortTitleTag\":\"2\"}"}},{"typeId":0,"product":{"acm":"1.rcmd.product_1551415695.ec_list_tab.13593-13594-13595-14082-14083-14084.cn_RANKI2I-rid_a695a93f0ec2aaa8-pos_7-cid_-bn_小流量桶10-ri_-spuid_","requestId":"a695a93f0ec2aaa8","cn":"RANKI2I","spuId":3906136,"logoUrl":"https://cdn.poizon.com/pro-img/origin-img/20230104/a8c57c7f7bea4caf87b048f1fc70c496.jpg","title":"流浪地球 漫画 x Mizuno Gm Crosswild Twe 减震防滑耐磨 低帮 运动休闲鞋 灰黑","subTitle":"","price":107900,"sourceName":"indexTab","isShowCrossTag":0,"recommendRequestId":"a695a93f0ec2aaa8","sellDate":"2023-04-30 00:00:00.000","propertyValueId":222246799,"priceType":1,"goodsType":0,"maxSalePrice":0,"brandId":10329,"categoryId":1001189,"level1CategoryId":29,"level2CategoryId":35,"activityPrice":0,"authPrice":119800,"soldCountText":"35人付款","itemType":0,"isShowGuide":false,"cspuId":"1551415695","hasMultiMedia":false,"showTicket":{},"iosAllBlack":0,"tracingTagMap":"{\"indexTabShortTitleTag\":\"2\"}"}},{"typeId":0,"product":{"acm":"1.rcmd.product_1550326418.ec_list_tab.13593-13594-13595-14082-14083-14084.cn_RANKI2I-rid_a695a93f0ec2aaa8-pos_8-cid_-bn_小流量桶10-ri_-spuid_","requestId":"a695a93f0ec2aaa8","cn":"RANKI2I","spuId":3505017,"logoUrl":"https://cdn.poizon.com/pro-img/origin-img/20221024/9a278681e92542a4b5bbbaa764009de1.png","title":"atmos x adidas originals Campus 80s 潮流复古休闲板鞋 男女同款 黑色","subTitle":"","price":58800,"sourceName":"indexTab","isShowCrossTag":0,"recommendRequestId":"a695a93f0ec2aaa8","sellDate":"2022-10-01 00:00:00.000","propertyValueId":200733669,"priceType":1,"goodsType":0,"maxSalePrice":0,"brandId":494,"categoryId":38,"level1CategoryId":29,"level2CategoryId":35,"activityPrice":0,"authPrice":99900,"soldCountText":"204人付款","itemType":0,"isShowGuide":false,"cspuId":"1550326418","hasMultiMedia":false,"showTicket":{},"iosAllBlack":0,"tracingTagMap":"{\"indexTabShortTitleTag\":\"2\"}"}},{"typeId":0,"product":{"acm":"1.rcmd.product_1550315684.ec_list_tab.13593-13594-13595-14082-14083-14084.cn_RANKI2I-rid_a695a93f0ec2aaa8-pos_9-cid_-bn_小流量桶10-ri_-spuid_","requestId":"a695a93f0ec2aaa8","cn":"RANKI2I","spuId":3501667,"logoUrl":"https://cdn.poizon.com/pro-img/origin-img/20221010/da1042eaa8ee4e9287de39e7ab83020d.jpg","title":"Nike React Pegasus Trail 4 GORE-TEX  织物 减震防滑耐磨防水 低帮 越野跑步鞋 绿色","subTitle":"","price":83900,"sourceName":"indexTab","isShowCrossTag":0,"recommendRequestId":"a695a93f0ec2aaa8","sellDate":"2023-01-31 00:00:00.000","propertyValueId":0,"priceType":1,"goodsType":0,"maxSalePrice":0,"brandId":144,"categoryId":33,"level1CategoryId":29,"level2CategoryId":30,"activityPrice":0,"authPrice":119900,"soldCountText":"133人付款","itemType":0,"isShowGuide":false,"cspuId":"1550315684","hasMultiMedia":false,"showTicket":{},"iosAllBlack":0,"tracingTagMap":"{\"indexTabShortTitleTag\":\"2\"}"}},{"typeId":0,"product":{"acm":"1.rcmd.product_1551424140.ec_list_tab.13593-13594-13595-14082-14083-14084.cn_TN-rid_a695a93f0ec2aaa8-pos_10-cid_-bn_小流量桶10-ri_-spuid_","requestId":"a695a93f0ec2aaa8","cn":"TN","spuId":3907872,"logoUrl":"https://cdn.poizon.com/pro-img/origin-img/20230105/6849bd96a2834b3a883e03a32e400c2b.jpg","title":"UGG 时尚舒适 低帮 运动休闲鞋 男款","subTitle":"","price":89900,"sourceName":"indexTab","isShowCrossTag":0,"recommendRequestId":"a695a93f0ec2aaa8","sellDate":"2023-04-30 00:00:00.000","propertyValueId":222509242,"priceType":1,"goodsType":0,"maxSalePrice":0,"brandId":10214,"categoryId":1001189,"level1CategoryId":29,"level2CategoryId":35,"activityPrice":0,"authPrice":129900,"soldCountText":"1人付款","itemType":0,"isShowGuide":false,"cspuId":"1551424140","hasMultiMedia":false,"showTicket":{},"iosAllBlack":0,"tracingTagMap":"{\"indexTabShortTitleTag\":\"2\"}"}},{"typeId":0,"product":{"acm":"1.rcmd.product_3505796.ec_list_tab.13593-13594-13595-14082-14083-14084.cn_DSSMEMB-rid_a695a93f0ec2aaa8-pos_11-cid_-bn_小流量桶10-ri_-spuid_","requestId":"a695a93f0ec2aaa8","cn":"DSSMEMB","spuId":1271864,"logoUrl":"https://cdn.poizon.com/pro-img/origin-img/20220212/2f4f5bd69450464faa16ca3276622e96.jpg","title":"adidas originals Superstar \"CNY\" 黑金红 中国年 男女同款#送礼推荐","subTitle":"","price":36900,"sourceName":"indexTab","isShowCrossTag":0,"recommendRequestId":"a695a93f0ec2aaa8","sellDate":"2021-01-07 00:00:00.000","propertyValueId":0,"priceType":1,"goodsType":0,"maxSalePrice":0,"brandId":494,"categoryId":38,"level1CategoryId":29,"level2CategoryId":35,"activityPrice":0,"authPrice":99900,"soldCountText":"1.1万+人付款","itemType":0,"isShowGuide":false,"cspuId":"3505796","hasMultiMedia":true,"showTicket":{},"iosAllBlack":0,"tracingTagMap":"{\"indexTabShortTitleTag\":\"2\"}"}},{"typeId":0,"product":{"acm":"1.rcmd.product_1472689155.ec_list_tab.13593-13594-13595-14082-14083-14084.cn_GRAPH1HOP-rid_a695a93f0ec2aaa8-pos_12-cid_-bn_小流量桶10-ri_-spuid_","requestId":"a695a93f0ec2aaa8","cn":"GRAPH1HOP","spuId":2648626,"logoUrl":"https://cdn.poizon.com/pro-img/origin-img/20220324/31dd2d36880346a184b217325812740d.jpg","title":"Air Jordan 1 Low 复古减震 低帮篮球鞋 男女同款 红白黑","subTitle":"","price":74900,"sourceName":"indexTab","isShowCrossTag":0,"recommendRequestId":"a695a93f0ec2aaa8","sellDate":"2022-04-30 00:00:00.000","propertyValueId":0,"priceType":1,"goodsType":0,"maxSalePrice":0,"brandId":13,"categoryId":1001176,"level1CategoryId":29,"level2CategoryId":35,"activityPrice":0,"authPrice":79900,"soldCountText":"8.2万+人付款","itemType":0,"isShowGuide":false,"cspuId":"1472689155","hasMultiMedia":false,"spuLabelSummaryList":[{"position":1,"labelInfo":[{"labelType":1,"labelId":9545,"labelContent":"情人节","iconUrl":"https://cdn.poizon.com/node-common/JUU1JUE0JUE3JUU3JTg5JThDJUU0JUJEJThFJUU0JUJCJUI3JTIwKDEpMTY3NTMyNTc2NjcxNw==.png?width=204&height=42","fontStyle":{"width":"204","height":"42"}}]}],"showTicket":{},"iosAllBlack":0,"tracingTagMap":"{\"indexTabShortTitleTag\":\"2\"}"}},{"typeId":0,"product":{"acm":"1.rcmd.product_1548853454.ec_list_tab.13593-13594-13595-14082-14083-14084.cn_SWINGV2-rid_a695a93f0ec2aaa8-pos_13-cid_-bn_小流量桶10-ri_-spuid_","requestId":"a695a93f0ec2aaa8","cn":"SWINGV2","spuId":2931655,"logoUrl":"https://cdn.poizon.com/pro-img/origin-img/20220615/4c117de4d6de4559847eab3da58957b1.jpg","title":"Nike Waffle Debut 经典运动休闲鞋 雾灰白","subTitle":"","price":30900,"sourceName":"indexTab","isShowCrossTag":0,"recommendRequestId":"a695a93f0ec2aaa8","sellDate":"2022-07-31 00:00:00.000","propertyValueId":0,"priceType":1,"goodsType":0,"maxSalePrice":0,"brandId":144,"categoryId":1001189,"level1CategoryId":29,"level2CategoryId":35,"activityPrice":0,"authPrice":59900,"soldCountText":"2.6万+人付款","itemType":0,"isShowGuide":false,"cspuId":"1548853454","hasMultiMedia":false,"showTicket":{},"iosAllBlack":0,"tracingTagMap":"{\"indexTabShortTitleTag\":\"2\"}"}},{"typeId":0,"product":{"acm":"1.rcmd.product_1549854030.ec_list_tab.13593-13594-13595-14082-14083-14084.cn_VEC2SWING-rid_a695a93f0ec2aaa8-pos_14-cid_-bn_小流量桶10-ri_-spuid_","requestId":"a695a93f0ec2aaa8","cn":"VEC2SWING","spuId":3324795,"logoUrl":"https://cdn.poizon.com/pro-img/origin-img/20220906/b6749b623f0f43429380361a77135aeb.jpg","title":"adidas originals Handball Spezial 复古百搭休闲板鞋 灰色","subTitle":"","price":65400,"sourceName":"indexTab","isShowCrossTag":0,"recommendRequestId":"a695a93f0ec2aaa8","sellDate":"2022-09-01 00:00:00.000","propertyValueId":0,"priceType":1,"goodsType":0,"maxSalePrice":0,"brandId":494,"categoryId":38,"level1CategoryId":29,"level2CategoryId":35,"activityPrice":0,"authPrice":78900,"soldCountText":"65人付款","itemType":0,"isShowGuide":false,"cspuId":"1549854030","hasMultiMedia":false,"showTicket":{},"iosAllBlack":0,"tracingTagMap":"{\"indexTabShortTitleTag\":\"2\"}"}},{"typeId":0,"product":{"acm":"1.rcmd.product_1550849053.ec_list_tab.13593-13594-13595-14082-14083-14084.cn_RANKI2I-rid_a695a93f0ec2aaa8-pos_15-cid_-bn_小流量桶10-ri_-spuid_","requestId":"a695a93f0ec2aaa8","cn":"RANKI2I","spuId":3700303,"logoUrl":"https://cdn.poizon.com/pro-img/origin-img/20221120/64330e21ba264a39ab2954624f7db978.png","title":"adidas X Speedportal Messi.1 Leyenda FG 硬地球场 足球鞋 金白蓝 世界杯专属配色","subTitle":"","price":799900,"sourceName":"indexTab","isShowCrossTag":0,"recommendRequestId":"a695a93f0ec2aaa8","sellDate":"2023-01-31 00:00:00.000","propertyValueId":0,"priceType":1,"goodsType":0,"maxSalePrice":0,"brandId":3,"categoryId":32,"level1CategoryId":29,"level2CategoryId":30,"activityPrice":0,"authPrice":269900,"soldCountText":"423人付款","itemType":0,"isShowGuide":false,"cspuId":"1550849053","hasMultiMedia":false,"spuLabelSummaryList":[{"position":1,"labelInfo":[{"labelType":8,"labelId":758,"labelContent":"梅西同款"}]}],"showTicket":{},"iosAllBlack":0,"tracingTagMap":"{\"indexTabShortTitleTag\":\"2\"}"}},{"typeId":0,"product":{"acm":"1.rcmd.product_21976.ec_list_tab.13593-13594-13595-14082-14083-14084.cn_RANKI2I-rid_a695a93f0ec2aaa8-pos_16-cid_-bn_小流量桶10-ri_-spuid_","requestId":"a695a93f0ec2aaa8","cn":"RANKI2I","spuId":21976,"logoUrl":"https://cdn.poizon.com/pro-img/origin-img/20220212/91fa868587f141db995d8bd074543207.jpg","title":"Fear of God x Nike Air Skylon 2 FOG 黑 男女同款","subTitle":"","price":69900,"sourceName":"indexTab","isShowCrossTag":0,"recommendRequestId":"a695a93f0ec2aaa8","sellDate":"2018-12-27 00:00:00.000","propertyValueId":0,"priceType":1,"goodsType":0,"maxSalePrice":0,"brandId":144,"categoryId":33,"level1CategoryId":29,"level2CategoryId":30,"activityPrice":0,"authPrice":99900,"soldCountText":"9000+人付款","itemType":0,"isShowGuide":false,"cspuId":"21976","hasMultiMedia":true,"showTicket":{},"iosAllBlack":0,"tracingTagMap":"{\"indexTabShortTitleTag\":\"2\"}"}},{"typeId":0,"product":{"acm":"1.rcmd.product_1551080239.ec_list_tab.13593-13594-13595-14082-14083-14084.cn_DSSMEMB-rid_a695a93f0ec2aaa8-pos_17-cid_-bn_小流量桶10-ri_-spuid_","requestId":"a695a93f0ec2aaa8","cn":"DSSMEMB","spuId":3779466,"logoUrl":"https://cdn.poizon.com/pro-img/origin-img/20221206/b99d81fbf7c447539b3dace66c146d5c.jpg","title":"【定制球鞋】adidas originals Yeezy 500 SPD 街头涂鸦 复古 高街 老爹鞋 男女同款 灰黑","subTitle":"","price":209900,"sourceName":"indexTab","isShowCrossTag":0,"recommendRequestId":"a695a93f0ec2aaa8","sellDate":"2022-12-05 00:00:00.000","propertyValueId":0,"priceType":1,"goodsType":0,"maxSalePrice":0,"brandId":494,"categoryId":36,"level1CategoryId":29,"level2CategoryId":35,"activityPrice":0,"authPrice":244900,"soldCountText":"32人付款","itemType":0,"isShowGuide":false,"cspuId":"1551080239","hasMultiMedia":false,"showTicket":{},"iosAllBlack":0,"tracingTagMap":"{\"indexTabShortTitleTag\":\"2\"}"}},{"typeId":0,"product":{"acm":"1.rcmd.product_1549481341.ec_list_tab.13593-13594-13595-14082-14083-14084.cn_RANKI2I-rid_a695a93f0ec2aaa8-pos_18-cid_-bn_小流量桶10-ri_-spuid_","requestId":"a695a93f0ec2aaa8","cn":"RANKI2I","spuId":3177118,"logoUrl":"https://cdn.poizon.com/pro-img/origin-img/20220812/477fe83ede7e49aea69300c94fba7c99.jpg","title":"Air Jordan Jumpman Two Trey \"Grey Multi-Color\" 复古篮球鞋 灰蓝 ","subTitle":"","price":64900,"sourceName":"indexTab","isShowCrossTag":0,"recommendRequestId":"a695a93f0ec2aaa8","sellDate":"2022-10-31 00:00:00.000","propertyValueId":0,"priceType":1,"goodsType":0,"maxSalePrice":0,"brandId":13,"categoryId":1001176,"level1CategoryId":29,"level2CategoryId":35,"activityPrice":0,"authPrice":99900,"soldCountText":"96人付款","itemType":0,"isShowGuide":false,"cspuId":"1549481341","hasMultiMedia":false,"showTicket":{},"iosAllBlack":0,"tracingTagMap":"{\"indexTabShortTitleTag\":\"2\"}"}},{"typeId":0,"product":{"acm":"1.rcmd.product_597266874.ec_list_tab.13593-13594-13595-14082-14083-14084.cn_TN-rid_a695a93f0ec2aaa8-pos_19-cid_-bn_小流量桶10-ri_-spuid_","requestId":"a695a93f0ec2aaa8","cn":"TN","spuId":2100089,"logoUrl":"https://cdn.poizon.com/pro-img/origin-img/20220212/bc59d24587164119a430e532314d3198.jpg","title":"Nike Air VaporMax Utility 舒适透气 低帮休闲跑步鞋 灰棕色","subTitle":"","price":288900,"sourceName":"indexTab","isShowCrossTag":0,"recommendRequestId":"a695a93f0ec2aaa8","sellDate":"2021-10-31 00:00:00.000","propertyValueId":0,"priceType":1,"goodsType":0,"maxSalePrice":0,"brandId":144,"categoryId":33,"level1CategoryId":29,"level2CategoryId":30,"activityPrice":0,"authPrice":159900,"soldCountText":"141人想要","itemType":0,"isShowGuide":false,"cspuId":"597266874","hasMultiMedia":false,"showTicket":{},"iosAllBlack":0,"tracingTagMap":"{\"indexTabShortTitleTag\":\"2\"}"}},{"typeId":0,"product":{"acm":"1.rcmd.product_134761405.ec_list_tab.13593-13594-13595-14082-14083-14084.cn_UCF-rid_a695a93f0ec2aaa8-pos_20-cid_-bn_小流量桶10-ri_-spuid_","requestId":"a695a93f0ec2aaa8","cn":"UCF","spuId":1707200,"logoUrl":"https://cdn.poizon.com/pro-img/origin-img/20220211/9c8bd7a9ff1042518c27b2fe23098c44.jpg","title":"Bottega Veneta 葆蝶家 BV LUG 短靴 深黑色","subTitle":"","price":549900,"sourceName":"indexTab","isShowCrossTag":0,"recommendRequestId":"a695a93f0ec2aaa8","sellDate":"2021-07-31 00:00:00.000","propertyValueId":0,"priceType":1,"goodsType":0,"maxSalePrice":0,"brandId":10054,"categoryId":1000263,"level1CategoryId":29,"level2CategoryId":292,"activityPrice":0,"authPrice":920000,"soldCountText":"117人付款","itemType":0,"isShowGuide":false,"cspuId":"134761405","hasMultiMedia":false,"showTicket":{},"iosAllBlack":0,"tracingTagMap":"{\"indexTabShortTitleTag\":\"2\"}"}}],"lastId":"5","lastDataShowImgTag":false},"code":200,"status":200,"msg":"ok","error":false}