{
  "app": "com.vmos.pro",
  "code": 200,
  "duration": "226ms",
  "headers": {
    "Date": "Fri, 03 Feb 2023 15:50:05 GMT",
    "Content-Type": "application/json;charset\u003dUTF-8",
    "Content-Length": "3498",
    "Connection": "keep-alive",
    "Content-Encoding": "gzip",
    "Shadower-Trace-ID": "0aec079b63dd2d2db5d6c3c02e62952e",
    "traceId": "00000000000000000000000000000000",
    "servertime": "1675439405097",
    "Server": "DLB",
    "dlb-request-id": "00cc7306ccec0e487ea32622edfd925a"
  },
  "message": "OK",
  "protocol": "HTTP/1.1",
  "remoteIp": "203.107.55.204",
  "remotePort": 443,
  "sessionId": "8674a77a-2e4c-4660-ab01-f3cb089e09c1",
  "time": "2023-02-03 23:50:05"
}